{"boundaryID": "AFG-ADM2-17698898", "boundaryISO": "AFG", "boundaryYear": "2014", "boundaryType": "ADM2", "boundarySource": "Afghanistan Information Management Services, Esri Disaster Response Program", "boundaryCanonical": "wuleswali", "boundaryLicense": "Public Domain", "licenseDetail": "license was officially a custom license simply described as \"open\" on ArcGIS Hub. No other restictions were included so collector decided on public domain as the official license.", "licenseSource": "https//hub.arcgis.com/datasets/2b63527870ef416bacf83bcaf388685f_0?geometry=53.805%2C30.812%2C81.556%2C37.181", "boundarySourceURL": "https//hub.arcgis.com/datasets/2b63527870ef416bacf83bcaf388685f_0?geometry=53.805%2C30.812%2C81.556%2C37.181", "sourceDataUpdateDate": "Thu Jan 19 07:31:04 2023", "buildDate": "Dec 12, 2023", "admUnitCount": "398", "meanVertices": "456.0", "minVertices": "41", "maxVertices": "4186", "meanPerimeterLengthKM": "211.36255677918683", "maxPerimeterLengthKM": "1125.5361139790677", "minPerimeterLengthKM": "23.91387259926247", "meanAreaSqKM": "1612.7345191649665", "minAreaSqKM": "25.829733767853835", "maxAreaSqKM": "21643.737829034635"}